id,name,school_college,url,is_submajor
actuarial-mathematics-sub-major-of-mathematics--majors-minors-html-actuarial-mathematics-sub,Actuarial Mathematics (Sub-major of Mathematics),"College of Literature, Science, and the Arts (LSA)",https://lsa.umich.edu/lsa/academics/majors-minors.html#actuarial_mathematics-sub,True
aerospace-engineering--undergraduate,Aerospace Engineering,College of Engineering,https://aero.engin.umich.edu/undergraduate/,False
afroamerican-and-african-studies--majors-minors-html-afroamerican-and-african-studies-maj,Afroamerican and African Studies,"College of Literature, Science, and the Arts (LSA)",https://lsa.umich.edu/lsa/academics/majors-minors.html#afroamerican_and_african_studies-maj,False
american-culture--majors-minors-html-american-culture-maj,American Culture,"College of Literature, Science, and the Arts (LSA)",https://lsa.umich.edu/lsa/academics/majors-minors.html#american_culture-maj,False
anthropology--majors-minors-html-anthropology-maj,Anthropology,"College of Literature, Science, and the Arts (LSA)",https://lsa.umich.edu/lsa/academics/majors-minors.html#anthropology-maj,False
applied-exercise-science,Applied Exercise Science,School of Kinesiology,https://www.kines.umich.edu/academics/applied-exercise-science,False
archaeology-sub-major-of-anthropology--majors-minors-html-archaeology-sub,Archaeology (Sub-major of Anthropology),"College of Literature, Science, and the Arts (LSA)",https://lsa.umich.edu/lsa/academics/majors-minors.html#archaeology-sub,True
archaeology-of-the-ancient-mediterranean--majors-minors-html-archaeology-of-the-ancient-mediterranean-maj,Archaeology of the Ancient Mediterranean,"College of Literature, Science, and the Arts (LSA)",https://lsa.umich.edu/lsa/academics/majors-minors.html#archaeology_of_the_ancient_mediterranean-maj,False
architecture--bachelor-of-science-in-architecture-first-year,Architecture,Taubman College of Architecture & Urban Planning,https://taubmancollege.umich.edu/admissions/apply/bachelor-of-science-in-architecture-first-year/,False
art-and-design--undergraduate-programs,Art and Design,Stamps School of Art & Design,https://stamps.umich.edu/undergraduate-programs,False
arts-and-ideas-in-the-humanities-administered-by-the-residential-college--majors-minors-html-arts-and-ideas-in-the-human,Arts and Ideas in the Humanities (Administered by the Residential College),"College of Literature, Science, and the Arts (LSA)",https://lsa.umich.edu/lsa/academics/majors-minors.html#arts_and_ideas_in_the_humanities-maj,False
asian-studies--majors-minors-html-arab-and-muslim-american-studies-min,Asian Studies,"College of Literature, Science, and the Arts (LSA)",https://lsa.umich.edu/lsa/academics/majors-minors.html#arab_and_muslim_american_studies-min,False
astronomy-and-astrophysics--majors-minors-html-astronomy-and-astrophysics-maj,Astronomy and Astrophysics,"College of Literature, Science, and the Arts (LSA)",https://lsa.umich.edu/lsa/academics/majors-minors.html#astronomy_and_astrophysics-maj,False
biochemistry--majors-minors-html-biochemistry-bs-maj,Biochemistry,"College of Literature, Science, and the Arts (LSA)",https://lsa.umich.edu/lsa/academics/majors-minors.html#biochemistry_bs-maj,False
biological-physics-sub-major-of-biophysics--biological-physics-sub-major-html,Biological Physics (Sub-major of Biophysics),"College of Literature, Science, and the Arts (LSA)",https://lsa.umich.edu/lsa/academics/majors-minors/biological-physics-sub-major.html,True
biology--majors-minors-html-biology-maj,Biology,"College of Literature, Science, and the Arts (LSA)",https://lsa.umich.edu/lsa/academics/majors-minors.html#biology-maj,False
biology-health-and-society--majors-minors-html-general-biology-maj,"Biology, Health, and Society","College of Literature, Science, and the Arts (LSA)",https://lsa.umich.edu/lsa/academics/majors-minors.html#general_biology-maj,False
biomedical-engineering--academics,Biomedical Engineering,College of Engineering,https://bme.umich.edu/academics/,False
biomolecular-science--majors-minors-html-biomolecular-science-ab-or-bs-maj,Biomolecular Science,"College of Literature, Science, and the Arts (LSA)",https://lsa.umich.edu/lsa/academics/majors-minors.html#biomolecular_science_ab_or_bs-maj,False
biophysics--majors-minors-html-biophysics-bs-maj,Biophysics,"College of Literature, Science, and the Arts (LSA)",https://lsa.umich.edu/lsa/academics/majors-minors.html#biophysics_bs-maj,False
biopsychology-cognition-and-neuroscience--majors-minors-html-biophyschology-cognition-and-neuroscience-bcn-maj,"Biopsychology, Cognition, and Neuroscience","College of Literature, Science, and the Arts (LSA)",https://lsa.umich.edu/lsa/academics/majors-minors.html#biophyschology_cognition_and_neuroscience_bcn-maj,False
business--bba,Business,Ross School of Business,https://michiganross.umich.edu/undergraduate/bba,False
cellular-and-molecular-biomedical-science--majors-minors-html-cell-and-molecular-biology-and-biomedical-engineering-maj,Cellular and Molecular Biomedical Science,"College of Literature, Science, and the Arts (LSA)",https://lsa.umich.edu/lsa/academics/majors-minors.html#cell_and_molecular_biology_and_biomedical_engineering-maj,False
chemical-engineering--che-engin-umich-edu,Chemical Engineering,College of Engineering,https://che.engin.umich.edu/,False
chemistry--majors-minors-html-chemical-science-bschem-maj,Chemistry,"College of Literature, Science, and the Arts (LSA)",https://lsa.umich.edu/lsa/academics/majors-minors.html#chemical_science_bschem-maj,False
chinese-studies-sub-major-of-asian-studies--majors-minors-html-asian-studies-maj,Chinese Studies (Sub-major of Asian Studies),"College of Literature, Science, and the Arts (LSA)",https://lsa.umich.edu/lsa/academics/majors-minors.html#asian_studies-maj,True
civil-engineering--bse-degree-in-civil-engineering,Civil Engineering,College of Engineering,https://cee.engin.umich.edu/undergraduate-studies/bse-degree-in-civil-engineering/,False
classical-civilization--majors-minors-html-classical-civilization-maj,Classical Civilization,"College of Literature, Science, and the Arts (LSA)",https://lsa.umich.edu/lsa/academics/majors-minors.html#classical_civilization-maj,False
classical-languages-and-literatures--majors-minors-html-classical-languages-and-literatures-maj,Classical Languages and Literatures,"College of Literature, Science, and the Arts (LSA)",https://lsa.umich.edu/lsa/academics/majors-minors.html#classical_languages_and_literatures-maj,False
climate-and-meteorology--undergraduate-studies,Climate and Meteorology,College of Engineering,https://clasp.engin.umich.edu/academics/undergraduate-studies/,False
cognitive-science--majors-minors-html-cognitive-science-maj,Cognitive Science,"College of Literature, Science, and the Arts (LSA)",https://lsa.umich.edu/lsa/academics/majors-minors.html#cognitive_science-maj,False
communication-and-media--majors-minors-html-communication-studies-maj,Communication and Media,"College of Literature, Science, and the Arts (LSA)",https://lsa.umich.edu/lsa/academics/majors-minors.html#communication_studies-maj,False
community-action-and-social-change--ba-casc,Community Action and Social Change,School of Social Work,https://ssw.umich.edu/academic-programs/undergraduate/ba-casc,False
community-and-global-public-health--phs,Community and Global Public Health,School of Public Health,https://sph.umich.edu/undergrad/apply/#phs,False
comparative-culture-and-identity-sub-major-of-international-studies--majors-minors-html-comparative-culture-and-identity,Comparative Culture and Identity (Sub-major of International Studies),"College of Literature, Science, and the Arts (LSA)",https://lsa.umich.edu/lsa/academics/majors-minors.html#comparative_culture_and_identity_cci-sub,True
comparative-literature-arts-and-media--majors-minors-html-comparative-literature-arts-and-media-maj,"Comparative Literature, Arts, and Media","College of Literature, Science, and the Arts (LSA)",https://lsa.umich.edu/lsa/academics/majors-minors.html#comparative_literature_arts_and_media-maj,False
composition,Composition,"School of Music, Theatre & Dance (SMTD)",https://smtd.umich.edu/department/composition/,False
computer-engineering,Computer Engineering,College of Engineering,https://ece.engin.umich.edu/academics/undergraduate/prospective-undergrad/computer-engineering/,False
computer-science-bs--majors-minors-html-computer-science-maj,Computer Science (BS),"College of Literature, Science, and the Arts (LSA)",https://lsa.umich.edu/lsa/academics/majors-minors.html#computer_science-maj,False
computer-science-bse--computer-science-eng,Computer Science (BSE),College of Engineering,https://cse.engin.umich.edu/academics/undergraduate/programs/computer-science-eng/,False
creative-writing-and-literature-administered-by-the-residential-college--majors-minors-html-creative-writing-and-literat,Creative Writing and Literature (Administered by the Residential College),"College of Literature, Science, and the Arts (LSA)",https://lsa.umich.edu/lsa/academics/majors-minors.html#creative_writing_and_literature-maj,False
culture-and-media-sub-major-of-anthropology--majors-minors-html-culture-and-media-sub,Culture and Media (Sub-major of Anthropology),"College of Literature, Science, and the Arts (LSA)",https://lsa.umich.edu/lsa/academics/majors-minors.html#culture_and_media-sub,True
dance--undergraduate-degrees-minors,Dance,"School of Music, Theatre & Dance (SMTD)",https://smtd.umich.edu/admissions/undergraduate/undergraduate-degrees-minors/,False
data-science--preview,Data Science,College of Engineering,https://docs.google.com/spreadsheets/d/1Mets2NQ4i1ZY-4TNFfd7DpX2yU6h73bK673dgDiEEDA/preview,False
data-science-bs--majors-minors-html-data-science-maj,Data Science (BS),"College of Literature, Science, and the Arts (LSA)",https://lsa.umich.edu/lsa/academics/majors-minors.html#data_science-maj,False
dental-hygiene,Dental Hygiene,School of Dentistry,https://dent.umich.edu/about/dental-hygiene,False
drama-administered-by-the-residential-college--majors-minors-html-drama-maj,Drama (Administered by the Residential College),"College of Literature, Science, and the Arts (LSA)",https://lsa.umich.edu/lsa/academics/majors-minors.html#drama-maj,False
earth-and-environmental-sciences--majors-minors-html-earth-and-environmental-sciences-maj,Earth and Environmental Sciences,"College of Literature, Science, and the Arts (LSA)",https://lsa.umich.edu/lsa/academics/majors-minors.html#earth_and_environmental_sciences-maj,False
ecology-evolution-and-biodiversity--majors-minors-html-ecology-and-evolutionary-biology-eeb-maj,"Ecology, Evolution, and Biodiversity","College of Literature, Science, and the Arts (LSA)",https://lsa.umich.edu/lsa/academics/majors-minors.html#ecology_and_evolutionary_biology_eeb-maj,False
economics--majors-minors-html-economics-maj,Economics,"College of Literature, Science, and the Arts (LSA)",https://lsa.umich.edu/lsa/academics/majors-minors.html#economics-maj,False
electrical-engineering,Electrical Engineering,College of Engineering,https://ece.engin.umich.edu/academics/undergraduate/prospective-undergrad/electrical-engineering/,False
elementary-teacher-education--bachelors,Elementary Teacher Education,Marsal Family School of Education,https://marsal.umich.edu/academics-admissions/degrees/bachelors,False
engineering-physics--undergraduate-in-engineering-physics,Engineering Physics,College of Engineering,https://ners.engin.umich.edu/academics/undergraduate-in-engineering-physics/,False
english--majors-minors-html-english-maj,English,"College of Literature, Science, and the Arts (LSA)",https://lsa.umich.edu/lsa/academics/majors-minors.html#english-maj,False
environment--majors-minors-html-environment-maj,Environment,"College of Literature, Science, and the Arts (LSA)",https://lsa.umich.edu/lsa/academics/majors-minors.html#environment-maj,False
environment-and-conservation-sub-major-of-anthropology--majors-minors-html-environment-and-conservation-sub,Environment and Conservation (Sub-major of Anthropology),"College of Literature, Science, and the Arts (LSA)",https://lsa.umich.edu/lsa/academics/majors-minors.html#environment_and_conservation-sub,True
environmental-engineering--bse-degree-in-environmental-engineering,Environmental Engineering,College of Engineering,https://cee.engin.umich.edu/undergraduate-studies/bse-degree-in-environmental-engineering/,False
ethnic-studies-sub-major-of-american-culture--ethnic-studies-submajor-html,Ethnic Studies (Sub-major of American Culture),"College of Literature, Science, and the Arts (LSA)",https://lsa.umich.edu/lsa/academics/majors-minors/ethnic-studies-submajor.html,True
film-television-and-media--majors-minors-html-screen-arts-and-cultures-maj,"Film, Television, and Media","College of Literature, Science, and the Arts (LSA)",https://lsa.umich.edu/lsa/academics/majors-minors.html#screen_arts_and_cultures-maj,False
french-and-francophone-studies--majors-minors-html-french-and-francophone-studies-maj,French and Francophone Studies,"College of Literature, Science, and the Arts (LSA)",https://lsa.umich.edu/lsa/academics/majors-minors.html#french_and_francophone_studies-maj,False
gender-and-health--majors-minors-html-gender-and-health-maj,Gender and Health,"College of Literature, Science, and the Arts (LSA)",https://lsa.umich.edu/lsa/academics/majors-minors.html#gender_and_health-maj,False
general-studies--majors-minors-html-general-studies-maj,General Studies,"College of Literature, Science, and the Arts (LSA)",https://lsa.umich.edu/lsa/academics/majors-minors.html#general_studies-maj,False
german--majors-minors-html-german-maj,German,"College of Literature, Science, and the Arts (LSA)",https://lsa.umich.edu/lsa/academics/majors-minors.html#german-maj,False
global-environment-and-health-sub-major-of-international-studies--majors-minors-html-global-environment-and-health-geh-s,Global Environment and Health (Sub-major of International Studies),"College of Literature, Science, and the Arts (LSA)",https://lsa.umich.edu/lsa/academics/majors-minors.html#global_environment_and_health_geh-sub,True
greek-ancient-language-and-literature--majors-minors-html-greek-ancient-language-and-literature-maj,Greek (Ancient) Language and Literature,"College of Literature, Science, and the Arts (LSA)",https://lsa.umich.edu/lsa/academics/majors-minors.html#greek_ancient_language_and_literature-maj,False
greek-modern-language-and-culture--majors-minors-html-greek-modern-language-and-culture-maj,Greek (Modern) Language and Culture,"College of Literature, Science, and the Arts (LSA)",https://lsa.umich.edu/lsa/academics/majors-minors.html#greek_modern_language_and_culture-maj,False
history--majors-minors-html-history-maj,History,"College of Literature, Science, and the Arts (LSA)",https://lsa.umich.edu/lsa/academics/majors-minors.html#history-maj,False
history-of-art--majors-minors-html-history-of-art-maj,History of Art,"College of Literature, Science, and the Arts (LSA)",https://lsa.umich.edu/lsa/academics/majors-minors.html#history_of_art-maj,False
honors-mathematics-sub-major-of-mathematics--honors-mathematics-html,Honors Mathematics (Sub-major of Mathematics),"College of Literature, Science, and the Arts (LSA)",https://lsa.umich.edu/math/undergraduates/major-and-minor-programs/honors-mathematics.html,True
human-origins-biology-and-behavior--majors-minors-html-human-origins-biology-and-behavior-maj,"Human Origins, Biology, and Behavior","College of Literature, Science, and the Arts (LSA)",https://lsa.umich.edu/lsa/academics/majors-minors.html#human_origins_biology_and_behavior-maj,False
industrial-and-operations-engineering--undergrad-research,Industrial and Operations Engineering,College of Engineering,https://ioe.engin.umich.edu/current-students/undergrad-research/,False
information-analysis-and-design--curriculum,Information Analysis and Design,School of Information,https://www.si.umich.edu/programs/bachelor-science-information/curriculum,False
integrated-business-and-engineering-at-michigan--business-engineering-umich-edu,Integrated Business and Engineering at Michigan,College of Engineering,https://business-engineering.umich.edu,False
interarts-performance--undergraduate-degrees-minors,Interarts Performance,Stamps School of Art & Design,https://smtd.umich.edu/admissions/undergraduate/undergraduate-degrees-minors/,False
interdisciplinary-astronomy--majors-minors-html-interdisciplinary-astronomy-ba-or-bs-maj,Interdisciplinary Astronomy,"College of Literature, Science, and the Arts (LSA)",https://lsa.umich.edu/lsa/academics/majors-minors.html#interdisciplinary_astronomy_ba_or_bs-maj,False
interdisciplinary-chemical-sciences--majors-minors-html-interdisciplinary-chemical-sciences-ics-ab-or-bs-maj,Interdisciplinary Chemical Sciences,"College of Literature, Science, and the Arts (LSA)",https://lsa.umich.edu/lsa/academics/majors-minors.html#interdisciplinary_chemical_sciences_ics_ab_or_bs-maj,False
interdisciplinary-physics--majors-minors-html-interdiscplinary-physics-ab-or-bs-maj,Interdisciplinary Physics,"College of Literature, Science, and the Arts (LSA)",https://lsa.umich.edu/lsa/academics/majors-minors.html#interdiscplinary_physics_ab_or_bs-maj,False
international-security-norms-and-cooperation-sub-major-of-international-studies--majors-minors-html-international-securi,"International Security, Norms, and Cooperation (Sub-major of International Studies)","College of Literature, Science, and the Arts (LSA)",https://lsa.umich.edu/lsa/academics/majors-minors.html#international_security_norms_and_cooperation_isnc-sub,True
international-studies--majors-minors-html-international-studies-maj,International Studies,"College of Literature, Science, and the Arts (LSA)",https://lsa.umich.edu/lsa/academics/majors-minors.html#international_studies-maj,False
italian--majors-minors-html-italian-maj,Italian,"College of Literature, Science, and the Arts (LSA)",https://lsa.umich.edu/lsa/academics/majors-minors.html#italian-maj,False
japanese-studies-sub-major-of-asian-studies--majors-minors-html-asian-studies-maj,Japanese Studies (Sub-major of Asian Studies),"College of Literature, Science, and the Arts (LSA)",https://lsa.umich.edu/lsa/academics/majors-minors.html#asian_studies-maj,True
jazz-contemporary-improvisation--undergraduate-degrees-minors,Jazz & Contemporary Improvisation,"School of Music, Theatre & Dance (SMTD)",https://smtd.umich.edu/admissions/undergraduate/undergraduate-degrees-minors/,False
judaic-studies--majors-minors-html-judaic-studies-maj,Judaic Studies,"College of Literature, Science, and the Arts (LSA)",https://lsa.umich.edu/lsa/academics/majors-minors.html#judaic_studies-maj,False
korean-studies-sub-major-of-asian-studies--majors-minors-html-asian-studies-maj,Korean Studies (Sub-major of Asian Studies),"College of Literature, Science, and the Arts (LSA)",https://lsa.umich.edu/lsa/academics/majors-minors.html#asian_studies-maj,True
latin-american-and-caribbean-studies--majors-minors-html-latin-american-and-caribbean-studies-maj,Latin American and Caribbean Studies,"College of Literature, Science, and the Arts (LSA)",https://lsa.umich.edu/lsa/academics/majors-minors.html#latin_american_and_caribbean_studies-maj,False
latin-language-and-literature--majors-minors-html-latin-language-and-literature-maj,Latin Language and Literature,"College of Literature, Science, and the Arts (LSA)",https://lsa.umich.edu/lsa/academics/majors-minors.html#latin_language_and_literature-maj,False
latina-latino-studies--majors-minors-html-latina-latino-studies-maj,Latina/Latino Studies,"College of Literature, Science, and the Arts (LSA)",https://lsa.umich.edu/lsa/academics/majors-minors.html#latina_latino_studies-maj,False
law-justice-and-social-change-sub-major-of-sociology--majors-minors-html-law-justics-and-social-change-sub,"Law, Justice, and Social Change (Sub-major of Sociology)","College of Literature, Science, and the Arts (LSA)",https://lsa.umich.edu/lsa/academics/majors-minors.html#law_justics_and_social_change-sub,True
learning-equity-and-problem-solving-for-the-public-good-leaps,"Learning, Equity, and Problem Solving for the Public Good (LEAPS)",Marsal Family School of Education,https://marsal.umich.edu/academics-admissions/leaps,False
linguistics--majors-minors-html-linguistics-maj,Linguistics,"College of Literature, Science, and the Arts (LSA)",https://lsa.umich.edu/lsa/academics/majors-minors.html#linguistics-maj,False
materials-science-and-engineering--undergraduate,Materials Science and Engineering,College of Engineering,https://mse.engin.umich.edu/undergraduate,False
mathematical-sciences-sub-major-of-mathematics--mathematical-sciences-html,Mathematical Sciences (Sub-major of Mathematics),"College of Literature, Science, and the Arts (LSA)",https://lsa.umich.edu/math/undergraduates/major-and-minor-programs/mathematical-sciences.html,True
mathematics--majors-minors-html-mathematics-maj,Mathematics,"College of Literature, Science, and the Arts (LSA)",https://lsa.umich.edu/lsa/academics/majors-minors.html#mathematics-maj,False
mathematics-of-finance-and-risk-management-sub-major-of-mathematics--mathematics-of-finance-and-risk-management-html,Mathematics of Finance and Risk Management (Sub-major of Mathematics),"College of Literature, Science, and the Arts (LSA)",https://lsa.umich.edu/math/undergraduates/major-and-minor-programs/mathematics-of-finance-and-risk-management.html,True
mechanical-engineering--undergraduate,Mechanical Engineering,College of Engineering,https://me.engin.umich.edu/admissions/undergraduate/,False
medical-anthropology-sub-major-of-anthropology--majors-minors-html-medical-anthropology-sub,Medical Anthropology (Sub-major of Anthropology),"College of Literature, Science, and the Arts (LSA)",https://lsa.umich.edu/lsa/academics/majors-minors.html#medical_anthropology-sub,True
microbiology--majors-minors-html-microbiology-maj,Microbiology,"College of Literature, Science, and the Arts (LSA)",https://lsa.umich.edu/lsa/academics/majors-minors.html#microbiology-maj,False
middle-east-studies--majors-minors-html-near-eastern-studies-maj,Middle East Studies,"College of Literature, Science, and the Arts (LSA)",https://lsa.umich.edu/lsa/academics/majors-minors.html#near_eastern_studies-maj,False
middle-eastern-and-north-african-studies--majors-minors-html-middle-eastern-and-north-african-studies-maj,Middle Eastern and North African Studies,"College of Literature, Science, and the Arts (LSA)",https://lsa.umich.edu/lsa/academics/majors-minors.html#middle_eastern_and_north_african_studies-maj,False
molecular-cellular-and-developmental-biology--majors-minors-html,"Molecular, Cellular, and Developmental Biology","College of Literature, Science, and the Arts (LSA)",https://lsa.umich.edu/biology/undergraduates/majors---minors.html,False
movement-science--undergraduate,Movement Science,School of Kinesiology,https://www.kines.umich.edu/academics/movement-science/undergraduate,False
music--bachelor-of-arts-in-music,Music,"School of Music, Theatre & Dance (SMTD)",https://smtd.umich.edu/degree/bachelor-of-arts-in-music/,False
music-education--undergraduate-degrees-minors,Music Education,"School of Music, Theatre & Dance (SMTD)",https://smtd.umich.edu/admissions/undergraduate/undergraduate-degrees-minors/,False
music-theory,Music Theory,"School of Music, Theatre & Dance (SMTD)",https://smtd.umich.edu/department/music-theory/,False
musical-theatre--undergraduate-degrees-minors,Musical Theatre,"School of Music, Theatre & Dance (SMTD)",https://smtd.umich.edu/admissions/undergraduate/undergraduate-degrees-minors/,False
musicology--undergraduate-degrees-minors,Musicology,"School of Music, Theatre & Dance (SMTD)",https://smtd.umich.edu/admissions/undergraduate/undergraduate-degrees-minors/,False
naval-architecture-and-marine-engineering--academics,Naval Architecture and Marine Engineering,College of Engineering,https://name.engin.umich.edu/home/academics/,False
neuroscience--majors-minors-html-neuroscience-maj,Neuroscience,"College of Literature, Science, and the Arts (LSA)",https://lsa.umich.edu/lsa/academics/majors-minors.html#neuroscience-maj,False
nuclear-engineering-and-radiological-sciences--undergraduate,Nuclear Engineering and Radiological Sciences,College of Engineering,https://ners.engin.umich.edu/academics/undergraduate/,False
nursing--bsn,Nursing,School of Nursing,https://nursing.umich.edu/academics/BSN,False
organ--undergraduate-degrees-minors,Organ,"School of Music, Theatre & Dance (SMTD)",https://smtd.umich.edu/admissions/undergraduate/undergraduate-degrees-minors/,False
organizational-studies--majors-minors-html-organizational-studies-maj,Organizational Studies,"College of Literature, Science, and the Arts (LSA)",https://lsa.umich.edu/lsa/academics/majors-minors.html#organizational_studies-maj,False
performing-arts-technology--undergraduate-degrees-minors,Performing Arts Technology,"School of Music, Theatre & Dance (SMTD)",https://smtd.umich.edu/admissions/undergraduate/undergraduate-degrees-minors/,False
pharmaceutical-sciences--bachelors-program-admissions,Pharmaceutical Sciences,College of Pharmacy,https://pharmacy.umich.edu/prospective-students/admissions/bachelors-program-admissions,False
philosophy--majors-minors-html-philosophy-maj,Philosophy,"College of Literature, Science, and the Arts (LSA)",https://lsa.umich.edu/lsa/academics/majors-minors.html#philosophy-maj,False
philosophy-politics-and-economics--majors-minors-html-philosophy-political-science-economics-maj,"Philosophy, Politics, and Economics","College of Literature, Science, and the Arts (LSA)",https://lsa.umich.edu/lsa/academics/majors-minors.html#philosophy_political_science_economics-maj,False
physics--majors-minors-html-physics-maj,Physics,"College of Literature, Science, and the Arts (LSA)",https://lsa.umich.edu/lsa/academics/majors-minors.html#physics-maj,False
piano--undergraduate-degrees-minors,Piano,"School of Music, Theatre & Dance (SMTD)",https://smtd.umich.edu/admissions/undergraduate/undergraduate-degrees-minors/,False
plant-biology--majors-minors-html-plant-biology-maj,Plant Biology,"College of Literature, Science, and the Arts (LSA)",https://lsa.umich.edu/lsa/academics/majors-minors.html#plant_biology-maj,False
polish--majors-minors-html-polish-maj,Polish,"College of Literature, Science, and the Arts (LSA)",https://lsa.umich.edu/lsa/academics/majors-minors.html#polish-maj,False
political-economy-and-development-sub-major-of-international-studies--majors-minors-html-political-economy-and-developme,Political Economy and Development (Sub-major of International Studies),"College of Literature, Science, and the Arts (LSA)",https://lsa.umich.edu/lsa/academics/majors-minors.html#political_economy_and_development_ped-sub,True
political-science--majors-minors-html-political-science-maj,Political Science,"College of Literature, Science, and the Arts (LSA)",https://lsa.umich.edu/lsa/academics/majors-minors.html#political_science-maj,False
politics-law-and-economy-sub-major-of-anthropology--majors-minors-html-politics-law-and-economy-sub,"Politics, Law, and Economy (Sub-major of Anthropology)","College of Literature, Science, and the Arts (LSA)",https://lsa.umich.edu/lsa/academics/majors-minors.html#politics_law_and_economy-sub,True
power-identity-and-inequality-sub-major-of-anthropology--majors-minors-html-power-identity-and-inequality-sub,"Power, Identity, and Inequality (Sub-major of Anthropology)","College of Literature, Science, and the Arts (LSA)",https://lsa.umich.edu/lsa/academics/majors-minors.html#power_identity_and_inequality-sub,True
psychology--majors-minors-html-psychology-general-social-science-maj,Psychology,"College of Literature, Science, and the Arts (LSA)",https://lsa.umich.edu/lsa/academics/majors-minors.html#psychology_general_social_science-maj,False
public-health-sciences--phs,Public Health Sciences,School of Public Health,https://sph.umich.edu/undergrad/apply/#phs,False
public-policy--ba,Public Policy,Ford School of Public Policy,https://fordschool.umich.edu/admissions/ba,False
pure-mathematics-sub-major-of-mathematics--pure-mathematics-html,Pure Mathematics (Sub-major of Mathematics),"College of Literature, Science, and the Arts (LSA)",https://lsa.umich.edu/math/undergraduates/major-and-minor-programs/pure-mathematics.html,True
robotics--robotics-umich-edu,Robotics,College of Engineering,https://robotics.umich.edu,False
romance-languages-and-literatures--majors-minors-html-romance-languages-and-literatures-maj,Romance Languages and Literatures,"College of Literature, Science, and the Arts (LSA)",https://lsa.umich.edu/lsa/academics/majors-minors.html#romance_languages_and_literatures-maj,False
russian--majors-minors-html-russian-maj,Russian,"College of Literature, Science, and the Arts (LSA)",https://lsa.umich.edu/lsa/academics/majors-minors.html#russian-maj,False
russian-east-european-and-eurasian-studies--majors-minors-html-russian-east-european-and-eurasian-studies-maj,"Russian, East European, and Eurasian Studies","College of Literature, Science, and the Arts (LSA)",https://lsa.umich.edu/lsa/academics/majors-minors.html#russian_east_european_and_eurasian_studies-maj,False
screenwriting-sub-major-of-film-television-and-media--majors-minors-html-screenwriting-sub,"Screenwriting (Sub-major of Film, Television, and Media)","College of Literature, Science, and the Arts (LSA)",https://lsa.umich.edu/lsa/academics/majors-minors.html#screenwriting-sub,True
secondary-mathematics-teaching-certificate-sub-major-of-mathematics--secondary-mathematics-teaching-certificate-html,Secondary Mathematics Teaching Certificate (Sub-major of Mathematics),"College of Literature, Science, and the Arts (LSA)",https://lsa.umich.edu/math/undergraduates/major-and-minor-programs/secondary-mathematics-teaching-certificate.html,True
secondary-teacher-education--bachelors,Secondary Teacher Education,Marsal Family School of Education,https://marsal.umich.edu/academics-admissions/degrees/bachelors,False
social-theory-and-practice-administered-by-the-residential-college--social-theory-and-practice-stp-html,Social Theory and Practice (Administered by the Residential College),"College of Literature, Science, and the Arts (LSA)",https://lsa.umich.edu/rc/curriculum/social-theory-and-practice--stp-.html,False
sociology--majors-minors-html-sociology-maj,Sociology,"College of Literature, Science, and the Arts (LSA)",https://lsa.umich.edu/lsa/academics/majors-minors.html#sociology-maj,False
sociology-and-social-work-sub-major-of-sociology--majors-minors-html-sociology-and-social-work-sub,Sociology and Social Work (Sub-major of Sociology),"College of Literature, Science, and the Arts (LSA)",https://lsa.umich.edu/lsa/academics/majors-minors.html#sociology_and_social_work-sub,True
sociology-of-health-and-medicine-sub-major-of-sociology--majors-minors-html-health-and-society-sub,Sociology of Health and Medicine (Sub-major of Sociology),"College of Literature, Science, and the Arts (LSA)",https://lsa.umich.edu/lsa/academics/majors-minors.html#health-and-society-sub,True
south-asian-studies-sub-major-of-asian-studies--majors-minors-html-asian-studies-maj,South Asian Studies (Sub-major of Asian Studies),"College of Literature, Science, and the Arts (LSA)",https://lsa.umich.edu/lsa/academics/majors-minors.html#asian_studies-maj,True
southeast-asian-studies-sub-major-of-asian-studies--majors-minors-html-asian-studies-maj,Southeast Asian Studies (Sub-major of Asian Studies),"College of Literature, Science, and the Arts (LSA)",https://lsa.umich.edu/lsa/academics/majors-minors.html#asian_studies-maj,True
space-sciences-and-engineering--bse-space-science-engineering,Space Sciences and Engineering,College of Engineering,https://clasp.engin.umich.edu/academics/undergraduate-studies/bse-space-science-engineering/,False
spanish--majors-minors-html-spanish-maj,Spanish,"College of Literature, Science, and the Arts (LSA)",https://lsa.umich.edu/lsa/academics/majors-minors.html#spanish-maj,False
sport-management--undergraduate,Sport Management,School of Kinesiology,https://www.kines.umich.edu/academics/sport-management/undergraduate,False
statistics--majors-minors-html-statistics-maj,Statistics,"College of Literature, Science, and the Arts (LSA)",https://lsa.umich.edu/lsa/academics/majors-minors.html#statistics-maj,False
strings--undergraduate-degrees-minors,Strings,"School of Music, Theatre & Dance (SMTD)",https://smtd.umich.edu/admissions/undergraduate/undergraduate-degrees-minors/,False
structural-biology-sub-major-of-biophysics--structural-biology-sub-major-html,Structural Biology (Sub-major of Biophysics),"College of Literature, Science, and the Arts (LSA)",https://lsa.umich.edu/lsa/academics/majors-minors/structural-biology-sub-major.html,True
theatre-drama--undergraduate-degrees-minors,Theatre & Drama,"School of Music, Theatre & Dance (SMTD)",https://smtd.umich.edu/admissions/undergraduate/undergraduate-degrees-minors/,False
translation--majors-minors-html-translation-maj,Translation,"College of Literature, Science, and the Arts (LSA)",https://lsa.umich.edu/lsa/academics/majors-minors.html#translation-maj,False
urban-technology--bachelor-of-science-in-urban-technology,Urban Technology,Taubman College of Architecture & Urban Planning,https://taubmancollege.umich.edu/academics/urban-and-regional-planning/bachelor-of-science-in-urban-technology/,False
user-experience-design--curriculum,User Experience Design,School of Information,https://www.si.umich.edu/programs/bachelor-science-information/curriculum,False
voice-opera--undergraduate-degrees-minors,Voice & Opera,"School of Music, Theatre & Dance (SMTD)",https://smtd.umich.edu/admissions/undergraduate/undergraduate-degrees-minors/,False
winds-percussion--undergraduate-degrees-minors,Winds & Percussion,"School of Music, Theatre & Dance (SMTD)",https://smtd.umich.edu/admissions/undergraduate/undergraduate-degrees-minors/,False
women-s-and-gender-studies--undergraduates-html,Women’s and Gender Studies,"College of Literature, Science, and the Arts (LSA)",https://lsa.umich.edu/wgs/undergraduates.html,False
